date,period_label,period,name,autor,comment,category,theme,wiki
-200000,Préhistoire,1,apparition d’homo Sapiens en éthiopie,,ancêtre commun,,,
-4000,Préhistoire,1,début âge du bronze en Anatolie,,,,,
-3500,Préhistoire,1,Premier système écriture sumérien,,,,,
-3500,Préhistoire,1,Début âge du bronze en Europe,,,,,
-3300,Première antiquité,2,Début de l'écriture par les mésopotamiens,,,,,.
-1600,Première antiquité,2,Texte d’anitta,,plus vieux texte indo-européen (culture hittite),,,
-850,Première antiquité,2,Illiade,Homère,entre -850 et -750,LI,"""[""histoire grecque""]""",
-800,Première antiquité,2,début âge du fer en anatolie,,,,,
-753,Première antiquité,2,Fondation légendaire de la ville par Romulus,,,,"""[""histoire de Rome""]""",
-595,VIème siècle av-jc,3,réforme de Solon,,Tout le monde à accès à l’Ecclesia qui nomme magistrat,,"""[""histoire grecque""]""",
-560,VIème siècle av-jc,3,début de la tyrannie de Pisistrate,,,,"""[""histoire grecque""]""",
-532,VIème siècle av-jc,3,Fondation de l’école par Pythagore à Crotone,,(580-495),,"""[""histoire grecque""]""",
-527,VIème siècle av-jc,3,mort de Pisistrate,,,,"""[""histoire grecque""]""",
-514,VIème siècle av-jc,3,mort d’Hipparque par les Tyrannoctones,,,,"""[""histoire grecque""]""",
-510,VIème siècle av-jc,3,fin de la tyrannie d’Hippias,,grace aux lacédémoniens par les Alcméonides,,"""[""histoire grecque""]""",
-509,VIème siècle av-jc,3,fin de la royauté à Rome et début de la République,,,,"""[""histoire de Rome""]""",
-508,VIème siècle av-jc,3,Réformes de Clisthène pour réinstaurer la démocratie,,,,"""[""histoire grecque""]""",
-500,VIème siècle av-jc,3,age du fer en Europe,,,,,
-500,VIème siècle av-jc,3,Acmée de Parménide,,"(fin VI, milieu V)",,"""[""histoire grecque""]""",
-469,Vème siècle av-jc,4,Naissance de Socrate,,,PH,"""[""histoire grecque""]""",
-461,Vème siècle av-jc,4,Début du Siècle de Périclès,,,,"""[""histoire grecque""]""",
-454,Vème siècle av-jc,4,Transfert du trésor de la ligue de Délos à Athènes,,,,"""[""histoire grecque""]""",
-458,Vème siècle av-jc,4,Agamemnon,,(524-456),,"""[""histoire grecque""]""",
-450,Vème siècle av-jc,4,Mort d’Héraclite,,(510-450 Ephèse),PH,"""[""histoire grecque""]""",
-442,Vème siècle av-jc,4,Antigone,Sophocle,(495-406),LI,"""[""histoire grecque""]""",
-431,Vème siècle av-jc,4,Début de la première guerre contre Sparte,,(fin du Siècle Périclès),,"""[""histoire grecque""]""",
-429,Vème siècle av-jc,4,Mort de Périclès,,(typhus),,"""[""histoire grecque""]""",
-428,Vème siècle av-jc,4,Naissance de Platon,,,PH,"""[""histoire grecque""]""",
-425,Vème siècle av-jc,4,Mort d’Hérodote Historiai,,(histoire perse/Grec),,"""[""histoire grecque""]""",
-421,Vème siècle av-jc,4,défaite d’Amphipolis et paix de Nicias avec Sparte,,,,"""[""histoire grecque""]""",
-413,Vème siècle av-jc,4,deuxième guerre contre Sparte,,,,"""[""histoire grecque""]""",
-411,Vème siècle av-jc,4,Régime des oligarques,,(Alcibiade élu stratège),,"""[""histoire grecque""]""",
-405,Vème siècle av-jc,4,défaite de Aigos-Potamos,,fin de la ligue de Délos et destruction du mur de protection d’Athènes),,"""[""histoire grecque""]""",
-405,Vème siècle av-jc,4,début de la tyrannie des 30,,,,"""[""histoire grecque""]""",
-403,Vème siècle av-jc,4,Rétablissement de la démocratie,,,,"""[""histoire grecque""]""",
-399,IVème siècle av-jc,5,Procès et mort de Socrate,,,PH,"""[""histoire grecque""]""",
-399,IVème siècle av-jc,5,Mort de Thucydide,,,,"""[""histoire grecque""]""",
-390,IVème siècle av-jc,5,Fondation de l’école cynique par Antisthène,,,PH,"""[""histoire grecque""]""",
-387,IVème siècle av-jc,5,Fondation de l’académie par Platon,,,PH,"""[""histoire grecque""]""",
-384,IVème siècle av-jc,5,Naissance d’Aristote,,,PH,"""[""histoire grecque""]""",
-372,IVème siècle av-jc,5,La République,Platon,,PH,"""[""histoire grecque""]""",
-370,IVème siècle av-jc,5,Crise intellectuelle de Platon,,Parménide et Sophiste,PH,"""[""histoire grecque""]""",
-370,IVème siècle av-jc,5,Mort de Démocrite,,(460-370),PH,"""[""histoire grecque""]""",
-348,IVème siècle av-jc,5,Mort de Platon,,,PH,"""[""histoire grecque""]""",
-346,IVème siècle av-jc,5,Perte indépendance des cités Grecques,,Paix avec la Macédoine,,"""[""histoire grecque"",""histoire d’Alexandre le Grand""]""",
-343,IVème siècle av-jc,5,Aristote devient précepteur d'Alexandre le Grand,,,,"""[""histoire grecque"",""histoire d’Alexandre le Grand""]""",
-338,IVème siècle av-jc,5,Bataille de Chéronée,,il n’y a plus que Sparte qui est libre,,"""[""histoire grecque"",""histoire d’Alexandre le Grand""]""",
-335,IVème siècle av-jc,5,Fondation du lycée,,,PH,"""[""histoire grecque""]""",
-332,IVème siècle av-jc,5,Fondation d’Alexandrie,,,,"""[""histoire d’Alexandre le Grand""]""",
-331,IVème siècle av-jc,5,Bataille de Gaugamèle,,Alexandre contre Darius III pour Babylon,,"""[""histoire d’Alexandre le Grand""]""",
-323,IVème siècle av-jc,5,Mort d’Alexandre le Grand à babylon,,,,"""[""histoire d’Alexandre le Grand""]""",
-323,IVème siècle av-jc,5,Ptolémée fonde la dynastie lagide en égypte,,jusqu'à Cléopâtre VII,,"""[""histoire d’Alexandre le Grand""]""",
-322,IVème siècle av-jc,5,Mort d’Aristote,,,PH,"""[""histoire grecque"",""histoire d’Alexandre le Grand""]""",
-306,IVème siècle av-jc,5,Fondation à Athènes du Jardin par Epicure,,341-270,PH,"""[""histoire grecque""]""",
-301,IVème siècle av-jc,5,Fondation à Athène sous le Portique de l’école de Zénon,,(332-262),PH,"""[""histoire grecque""]""",
-300,IVème siècle av-jc,5,Les éléments,Euclide,,SC,"""[""histoire grecque""]""",
-272,IIIème siècle av-jc,6,Échec de la tentative de Pyrrhus d’envahir l’italie,,,,"""[""histoire de Rome""]""",
-264,IIIème siècle av-jc,6,Première guerre punique,,,,"""[""histoire de Rome""]""",
-250,IIIème siècle av-jc,6,Conquête de la péninsule italienne achevée par Rome,,,,"""[""histoire de Rome""]""",
-216,IIIème siècle av-jc,6,Bataille de Canne (Hannibal),,,,"""[""histoire de Rome""]""",
-200,IIIème siècle av-jc,6,(environ) Eratosthène d’Alexandrie mesure la circonférence de la terre,,,SC,,
-146,IIème siècle av-jc,7,Fin de la deuxième guerre punique,,Destruction de Carthage et sac de Corinthe (macédoine allié Carthage),,"""[""histoire de Rome""]""",
-133,IIème siècle av-jc,7,Mort des gracques,,,,"""[""histoire de Rome""]""",
-105,IIème siècle av-jc,7,Victoire de Rome sur les numides,,,,"""[""histoire de Rome""]""",
-91,Ier siècle av-jc,8,Révolte des italiques contre les romains,,,,"""[""histoire de Rome""]""",
-88,Ier siècle av-jc,8,Sylla (Optimate) marche sur Rome,,première guerre civile,,"""[""histoire de Rome""]""",
-87,Ier siècle av-jc,8,Marius (Populares) marche sur Rome,,première guerre civile,,"""[""histoire de Rome""]""",
-86,Ier siècle av-jc,8,Destruction d’Athènes par Rome,,,,"""[""histoire de Rome""]""",
-82,Ier siècle av-jc,8,Deuxième guerre civile,,(purge sur les populares mariste),,"""[""histoire de Rome""]""",
-73,Ier siècle av-jc,8,Révolte de Spartacus,,,,"""[""histoire de Rome""]""",
-63,Ier siècle av-jc,8,Cicéron(-103/-43) élu Consul (homo novus),,,,"""[""histoire de Rome""]""",
-60,Ier siècle av-jc,8,Premier Triumvir,,"César, Crassus (Marianiste) et Pompé (Sylliste)",,"""[""histoire de Rome""]""",
-54,Ier siècle av-jc,8,De Republica,Cicéron,,PH,"""[""histoire de Rome""]""",
-44,Ier siècle av-jc,8,Assassinat de Jules César,,,,"""[""histoire de Rome""]""",
-27,Ier siècle av-jc,8,Début de l’empire (Auguste),,,,"""[""histoire de Rome""]""",
48,Ier siècle,9,Édit de jérusalem,,"Pierre vs Jacques (circoncision, respect culte juif)",RE,"""[""histoire chrétienne""]""",
64,Ier siècle,9,Incendie de Rome par Néron,,,,"""[""histoire de Rome""]""",
65,Ier siècle,9,Mort de Sénèque,,4av/65ap,PH,"""[""histoire de Rome""]""",
70,Ier siècle,9,Destruction du temple de Jérusalem,,,,"""[""histoire de Rome""]""",
79,Ier siècle,9,Éruption du Vésuve,,,,"""[""histoire de Rome""]""",
89,Ier siècle,9,Epictète (50/130) quitte Rome,,,PH,"""[""histoire de Rome""]""",
94,Ier siècle,9,Fermeture des écoles philosophique à Rome par Domitien (dont Epictète),,,PH,"""[""histoire de Rome""]""",
161,IIème siècle,10,Marc Aurèle devient empereur,,(121/180),PH,"""[""histoire de Rome""]""",
165,IIème siècle,10,exécution de Justinien de Naplouse,,Philosophe platonicien et chrétien,PH,"""[""histoire de Rome"",""histoire chrétienne""]""",
168,IIème siècle,10,Mort de Claude Ptolémée,,L’astronome,SC,,
198,IIème siècle,10,De Anima,Alexandre d’Aphrodise,(a peu près),RE,"""[""histoire chrétienne""]""",
220,IIIème siècle,11,Mort de Tertullien à Carthage,,auteur de De carne Christi,RE,"""[""histoire chrétienne""]""",
250,IIIème siècle,11,Mort de Minucius Félix à Rome,,auteur de Octavius,RE,"""[""histoire chrétienne""]""",
313,IVème siècle,12,Edit de Milan par Constantin,,Légalisation de la chrétienté,RE,"""[""histoire chrétienne""]""",
321,IVème siècle,12,Institution divine,Lactance,(religare/terre late),RE,"""[""histoire chrétienne""]""",
324,IVème siècle,12,Transfert de la capitale romaine à byzance,,,,"""[""histoire de Rome""]""",
325,IVème siècle,12,1er concile de Nicée,,"L’empereur était Constantin. Il réunissait les patriarcats d’Antioche, d’Alexandrie, de Rome et de Jérusalem",RE,"""[""histoire chrétienne""]""",
325,IVème siècle,12,Condamnation de l’arianisme,,(vs trinitaire),RE,"""[""histoire chrétienne""]""",
356,IVème siècle,12,Mort de saint Antoine en Egypte,,fondateur du monachisme (vie de moine),RE,"""[""histoire chrétienne""]""",
381,IVème siècle,12,Concile de Constantinople et condamnation docétisme,,,RE,"""[""histoire chrétienne""]""",
386,IVème siècle,12,édit Thessalonique,,"sous Théodose, volonté d’un empire chrétien",RE,"""[""histoire chrétienne""]""",
401,Vème siècle,13,Les confessions,Augustin,,RE,"""[""histoire chrétienne""]""",
410,Vème siècle,13,Sac de Rome par les Wisigoth d’Alaric,,,,"""[""histoire de Rome""]""",
426,Vème siècle,13,La cité de Dieu,Augustin,,RE,"""[""histoire chrétienne""]""",
431,Vème siècle,13,Concile d’Ephèse,,condamnation du nestorianisme (Eglise Orient/ Eglise impériale),RE,"""[""histoire chrétienne""]""",
451,Vème siècle,13,Bataille des champs Catalauniques,,(Ætius vs Attila) (Création des Francs),,"""[""histoire de France""]""",
451,Vème siècle,13,Concile de Chalcédoine,,Condamnation du monophysme,RE,"""[""histoire chrétienne""]""",
476,Vème siècle,13,Abdication du dernier empereur d’occident,,(Romulus Augustule),,"""[""histoire de Rome""]""",
476,Vème siècle,13,Début de la Guerre des Goth,,fin en 569,,"""[""histoire de Rome""]""",
486,Vème siècle,13,Baptême de Clovis (Mérovingiens),,,,"""[""histoire de France""]""",
529,VIème siècle,14,Création de l’ordre bénédictins par Saint Benoît de Nursie,,référence en terme de règle monacale,RE,"""[""histoire chrétienne""]""",
529,VIème siècle,14,édit de Justinien,,obligation aux païens de se convertir,RE,"""[""histoire chrétienne""]""",
553,VIème siècle,14,L’italie est repris par les byzantins aux ostrogoths,,(installés en 493),,"""[""histoire de Rome""]""",
614,VIIème siècle,15,Sac de jérusalem (byzantine) par les sassanides perses,,,,,
622,VIIème siècle,15,Hégire,,,RE,"""[""histoire musulmane""]""",
632,VIIème siècle,15,Mort de Mahomet,,,RE,"""[""histoire musulmane""]""",
635,VIIème siècle,15,Prise de Damas par Omar (2nd khalif),,Omar meurt en 644. Le premier khalif était Abou Bakr (32-34),RE,"""[""histoire musulmane""]""",
661,VIIème siècle,15,Mort d’Ali,,"cousin et gendre de Mahomet (Fatima), 4ème khalif (sunnite), 1er khalif (chiite)",RE,"""[""histoire musulmane""]""",
661,VIIème siècle,15,Fondation du califat omeyyade(Sunnite) à Damas (Syrie),,,RE,"""[""histoire musulmane""]""",
680,VIIème siècle,15,Bataille de Kerbala et mort de Hussein (petit fils mahomet),,important chiisme,RE,"""[""histoire musulmane""]""",
700,VIIIème siècle,16,Conquête arabe de l’Afrique romaine,,,,"""[""histoire musulmane""]""",
711,VIIIème siècle,16,Arrivée des arabes en Espagne,,,,"""[""histoire musulmane""]""",
717,VIIIème siècle,16,Léon III arrète la conquête musulmane devant Constantinople,,,,"""[""histoire musulmane""]""",
720,VIIIème siècle,16,Fin du royaume Wisigoth d’Espagne (conquis au service de Rome),,,,,
730,VIIIème siècle,16,Premier édit iconoclaste par Léon III puis Constantin V,,,RE,"""[""histoire byzantine""]""",
732,VIIIème siècle,16,Bataille de Poitiers (Charles Martelle),,,,"""[""histoire de France"",""histoire musulmane""]""",
750,VIIIème siècle,16,Fondation du califat abbasside(Sunnite) à Bagdad (Syrie),,,,"""[""histoire musulmane""]""",
751,VIIIème siècle,16,Couronnement de Pépin le bref (Carolingiens),,,,"""[""histoire de France""]""",
754,VIIIème siècle,16,édit iconoclaste interdisant l’image du Christ,,marie (à Hiéreia),RE,"""[""histoire chrétienne""]""",
756,VIIIème siècle,16,Victoire des francs carolingiens sur les lombards,,fondation états pontificaux,,,
769,VIIIème siècle,16,Violente condamnation de l’édit iconoclaste par l’église romaine puis byzantine,,,RE,"""[""histoire chrétienne""]""",
774,VIIIème siècle,16,Invasion des francs à la demande du pape,,Charlemagnes devient roi des lombards,,,
787,VIIIème siècle,16,Second Concile de Nicée par Irène,,fin 1er Iconoclaste,RE,"""[""histoire chrétienne""]""",
800,IXème siècle,17,Charlemagne couronné empereur à Rome par Léon III,,avant l’acclamation des grands,,,
815,IXème siècle,17,Second iconoclasme,,,RE,"""[""histoire chrétienne""]""",
843,IXème siècle,17,Traité de Verdun,,"division en trois de l’empire carolingien (France, Charles le Chauve)",,"""[""histoire de France""]""",
875,IXème siècle,17,Charles le Chauve couronné empereur à Rome,,L’église gagne en pouvoir,,"""[""histoire de France""]""",
909,Xème siècle,18,Fondation de l’abbaye de Cluny,,réforme bénédictine,RE,"""[""histoire chrétienne""]""",
969,Xème siècle,18,"Califat fatimide (chiite, Imam, Ali) s'installe au Caire",,,,"""[""histoire musulmane""]""",
969,Xème siècle,18,Reprise d’Antioche par les Byzantins,,,,"""[""histoire byzantine"",""histoire musulmane]""",
987,Xème siècle,18,Début du règne d’Hugues Capet,,,,"""[""histoire de France""]""",
1054,XIème siècle,19,Schisme Eglise d’Orient et d’occident,,dans le cadre des réformes grégoriennes,RE,[”histoire chrétienne”],
1058,XIème siècle,19,Toghrul-Beg devient Sultan à Bagdag fondant le califat Turc Seldjoukides sunnite,,,,[”histoire musulmane”],
1059,XIème siècle,19,Réforme grégorienne de Nicolas II,,"""célibat prêtre,pape élu par cardinaux et fin simonie (vente charge)”",RE,[”histoire chrétienne”],
1066,XIème siècle,19,Bataille de Hasting,,William le conquérant,,[”histoire de l’Angleterre”],
1076,XIème siècle,19,Henri IV dépose Grégoire VII,,suite au projet de Dictatus papae puis ex communication,RE,[”histoire chrétienne”],
1077,XIème siècle,19,Le roi germanique Henri IV fait pénitence à Canossa,,(querelle investiture Grégoire VII),RE,[”histoire chrétienne”],
1095,XIème siècle,19,Appel d’Urbain II au Concile de Clermont,,,RE,"[”histoire chrétienne”,”croisade”]",
1096,XIème siècle,19,Première croisade,,,RE,"[”histoire chrétienne”,”croisade”]",
1098,XIème siècle,19,fondation de l'abbaye de Cîteaux par Robert de Molesme (Cistercien) ordre monacal,,,RE,[”histoire chrétienne”],
1099,XIème siècle,19,Prise de Jérusalem,,,RE,"[”histoire chrétienne”,”croisade”]",
1115,XIIème siècle,20,Fondation de l’abbaye de Clairvaux,,,RE,[”histoire chrétienne”],
1122,XIIème siècle,20,Concordat de Worms,,le pape désigne les évêques et non empereur (Latran I 1123),RE,"[”histoire chrétienne”,”croisade”]",
1129,XIIème siècle,20,Création de l’ordre du Temple par Clairvaux et Hading (Cisterciens),,,RE,"[”histoire chrétienne”,”croisade”]",
1137,XIIème siècle,20,Mort Louis 6 le gros,,conseillé par Suger,,[”histoire de France”],
1144,XIIème siècle,20,Chute d’Edesse,,,,[”croisade”],
1146,XIIème siècle,20,Bernard de Clairvaux prêche la 2nd croisade devant Louis 7 et Aliénor d'aquitaine,,,,,
1149,XIIème siècle,20,"Raymond de Poitiers, prince d'Antioche, est battu par Nur ad-Din lors la bataille d'Inab",,,,"[”croisade”,”histoire musulmane”]",
1171,XIIème siècle,20,Fin du califat Fatimide,,par Saladin (Ayyubide),,[”histoire musulmane”],
1179,XIIème siècle,20,Discours décisif,Averroès,,PH,[”histoire musulmane”],
1187,XIIème siècle,20,Reprise de Jérusalem,,(devenu 3ème ville sainte de l’islam) par Saladin,,"[”croisade”,”histoire musulmane”]",
1189,XIIème siècle,20,Troisième croisade,,(jusqu'à 1192) (Coeur de Lion et Philippe II),,[”croisade”],
1191,XIIème siècle,20,Richard Coeur de Lyon reprend Acre,,(Avec Philippe II roi de France),,"[”croisade”,”histoire musulmane”,”histoire de France”]",
1204,XIIIème siècle,21,Prise de constantinople par les croisées pour rembourser les vénitiens. (4ème crois),,,,[”croisade”],
1209,XIIIème siècle,21,Croisade des Albigeois contre le catharisme,,,,[”croisade”],
1210,XIIIème siècle,21,Création des franciscain par Saint françois d’Assise,,(ordre mendiant),RE,"”histoire chrétienne”]""",
1215,XIIIème siècle,21,Création des dominicains (ordre mendiant) à Toulouse,,(vs algigeois),RE,"“[”histoire chrétienne”]""",
1227,XIIIème siècle,21,Mort de Gengis khan,,,,,
1241,XIIIème siècle,21,Construction Sainte Chapelle par Louis IX pour accueillir les reliques,,,,"“[”histoire chrétienne”,”histoire de France”]""",
1243,XIIIème siècle,21,Les Mongols débarquent en Anatolie,,,,,
1245,XIIIème siècle,21,Innocent IV dépose Frédéric II,,(lutte du sacerdoce et de l'Empire),RE,"“[”histoire chrétienne”]""",
1250,XIIIème siècle,21,Les mamluk dépose les Ayyoubide du Caire,,,,"“[”histoire musulmane”]""",
1266,XIIIème siècle,21,Somme Théologique,Thomas d’Aquin,,PH,"“[”histoire chrétienne”]""",
1314,XIVème siècle,22,Mort du templier Jacques de Molay par Philippe le Bel,,,,"“[”histoire de France”]""",
1328,XIVème siècle,22,Sacre de Philippe 6,,(le Valois fin rois maudits),,"“[”histoire de France”]""",
1337,XIVème siècle,22,Début guerre de cent ans,,,,"“[”histoire de France”]""",
1350,XIVème siècle,22,Grande peste,,,,,
1378,XIVème siècle,22,Schisme d’occident,,Urbain VI vs Clément VII,RE,"“[”histoire chrétienne”]""",
1396,XIVème siècle,22,A Nicopolis les ottomans écrasent les croisés (dont hongrois),,,,,
1415,XVème siècle,23,Perspective linéaire,Brunelleschi,architecture Dôme de Milan,LI,,
1413,XVème siècle,23,Concile de Constance pour résoudre le schisme d’occident,,,RE,“[”histoire chrétienne”,
1447,XVème siècle,23,Mort de Philippe Marie Visconti duc de Milan,,,,"“[”Italie de Machiavel”]""",
1450,XVème siècle,23,Imprimerie de Gutenberg à Mayence,,,,,
1450,XVème siècle,23,François Sforza  (ancien capitaine) devient duc de Milan,,,,"“[”Italie de Machiavel”]""",
1453,XVème siècle,23,Fin de la guerre de 100 ans,,,,"“[”histoire de France”]""",
1453,XVème siècle,23,Prise de constantinople par les ottomans de Mehmet II (canon),,,,“[”histoire ottomane”,
1453,XVème siècle,23,Population Constantinople (40.000) contre 1M au XIIème,,,,"“[”histoire byzantine”]""",
1454,XVème siècle,23,Guerre de Treize ans (Teuton vs Pologne) jusqu’à 1466,,,,"“[”histoire byzantine”]""",
1455,XVème siècle,23,Début de la guerre des deux Roses,,(Lancastre vs York),,"“[”histoire de l’Angleterre”]""",
1466,XVème siècle,23,Mort de François Sforza,,,,"“[”Italie de Machiavel”]""",
1473,XVème siècle,23,Début de la construction de la chapelle sixtine (Michel Ange),,,LI,"“[”Italie de Machiavel”]""",
1485,XVème siècle,23,"Mort Richard III,Fin guerre des 2 Roses, Avènement Henri VII (Tudor)",,,,"“[”histoire de l’Angleterre”]""",
1485,XVème siècle,23,Naissance de Vénus,Botticelli,"art renaissance, mythologie, retour nu",LI,,
1487,XVème siècle,23,Les portugais contournent l’Afrique,,,,,
1492,XVème siècle,23,Prise de Grenade,,Isabelle de Castille et Ferdinand d’Aragon,,,
1492,XVème siècle,23,Alexandre VI devient pape,,,RE,”[”histoire chrétienne”,
1492,XVème siècle,23,Mort de Laurent de Médicis,,,,"[”Italie de Machiavel”]""",
1492,XVème siècle,23,"Proportion du corps humain, homme de Vitruve",Da Vinci,,LI,,
1492,XVème siècle,23,Découverte de l’Amérique par Colomb (génois),,,,,
1494,XVème siècle,23,Conquête française de Charles VIII (1ère guerre d’Italie),,,,"[”Italie de Machiavel”]""",
1494,XVème siècle,23,Renversement de Pierre de Médicis à Florence par la conquête francais,,,,"[”Italie de Machiavel”]""",
1497,XVème siècle,23,Bûcher des Vanité organisé à Florence par Savonarole,,,,"[”Italie de Machiavel”]""",
1498,XVème siècle,23,Mort de Savonarole accusé par Alexandre VI,,,,"”[”Italie de Machiavel”]""",
1499,XVème siècle,23,Deuxième campagne d’Italie par Louis XII,,,,"”[”Italie de Machiavel”]""",
1500,XVIème siècle,24,Traité de Grenade,,partage du royaume de Naples entre France et Espagne,,"”[”Italie de Machiavel”]""",
1500,XVIème siècle,24,Cesare Borgia prend la totalité de la Romagne Pontificale,,,,"”[”Italie de Machiavel”]""",
1501,XVIème siècle,24,Victoire sur Naples,,,,"[”Italie de Machiavel”]""",
1502,XVIème siècle,24,Cesare Borgia prend le duché Urbino,,,,"”[”Italie de Machiavel”]""",
1503,XVIème siècle,24,"Mort d’Alexandre VI,après Pie III,Jules II devient pape",,,,"”[”Italie de Machiavel”]""",
1504,XVIème siècle,24,"Armistice de Lyon, Louis XII reconnaît Ferdinand II d’Aragon comme roi de Naples",,,,"[”Italie de Machiavel”]""",
1506,XVIème siècle,24,Jules II s’empare de Pérouse et de Bologne,,,,"”[”Italie de Machiavel”]""",
1507,XVIème siècle,24,Mort de Cesare Borgia,,,,"”[”Italie de Machiavel”]""",
1509,XVIème siècle,24,Troisième guerre italienne,,louis XII et le pape contre Venise (ligue de cambrai),,"[”Italie de Machiavel”]""",
1511,XVIème siècle,24,Création de la sainte Ligue,,"Pape, venise, Angleterre, Suisse, Espagne vs France",,"”[”Italie de Machiavel”]""",
1511,XVIème siècle,24,Eloge de la folie,Erasme (critique de l’Eglise),,PH,"”[”Italie de Machiavel”]""",
1512,XVIème siècle,24,Maximilien Sforza est placé sur le trône de Milan,,,,"”[”Italie de Machiavel”]""",
1513,XVIème siècle,24,"Mort de Jules II, remplacé par Léon X",,,,"”[”Italie de Machiavel”]""",
1513,XVIème siècle,24,Rédaction principale du Prince,Machiavel,,PH,"”[”Italie de Machiavel”]""",
1515,XVIème siècle,24,"Mort Louis XII, François I accède au trône de France",,,,"”[”histoire de France”,”Italie de Machiavel”]""",
1515,XVIème siècle,24,Bataille de Marignan,,François I devient duc de Milan,,"”[”histoire de France”]""",
1516,XVIème siècle,24,Charles Quint devient roi d’Espagne,,,,,
1516,XVIème siècle,24,Léonard de Vinci arrive en France,,,,,
1517,XVIème siècle,24,Réforme de Luther,,,RE,"”[”La réforme”]""",
1517,XVIème siècle,24,Fin du sultanat Mamluk (par les ottomans),,,,"”[”histoire ottomane”]""",
1519,XVIème siècle,24,Début du “réformisme” avec Zwingli à Zürich puis Calvin,RE,,,"”[”La réforme”]""",
1521,XVIème siècle,24,Luther excommunié et mis au ban par Charles Quint,,RE,,"”[”La réforme”]""",
1525,XVIème siècle,24,L’état teutoniques devient le duché de Prusse (conversion protestante),,,,"”[”La réforme”]""",
1527,XVIème siècle,24,Mort de Machiavel,,,,"”[”Italie de Machiavel”]""",
1529,XVIème siècle,24,Siège de Vienne par l’empire Ottoman,,,,"”[”histoire ottomane”]""",
1530,XVIème siècle,24,Confession d’Augsbourg,,schisme Catholiques et Protestants,RE,"”[”La réforme”]""",
1532,XVIème siècle,24,Parution du Prince,Machiavel,,PH,"”[”Italie de Machiavel”]""",
1534,XVIème siècle,24,Acte de Suprématie d’Henri VIII,,fondation de l’église Anglicane,RE,"”[”histoire chrétienne”]""",
1534,XVIème siècle,24,Affaire des placards,,,,"”[”La réforme”]""",
1534,XVIème siècle,24,Gargantua,Rabelais,,LI,,
1539,XVIème siècle,24,Création des jésuites (compagnie de Jésus) Par Saint Ignace de Loyola,,,RE,"”[”histoire chrétienne”]""",
1539,XVIème siècle,24,Edit de Viller-Cotteret,,,,"”[”histoire de France”]""",
1543,XVIème siècle,24,Copernic soutient que la terre tourne autour du soleil,,,SC,,
1543,XVIème siècle,24,Fabrique du corps humain,Vésale,(planches anatomiques dont nerf optique),SC,,
1545,XVIème siècle,24,Fondation de Potosi au Pérou (actuelle Bolivie),,mine d’argent,,,
1550,XVIème siècle,24,Controverse Las Cases vs Juan Ginés,,(indien=sous hommes),,,
1555,XVIème siècle,24,Paix d’Augsbourg entre les princes protestants et l'empereur,,(liberté culte),RE,"”[”La réforme”]""",
1555,XVIème siècle,24,Concept cujus regnum cujus religio,,,RE,"”[”La réforme”]""",
1562,XVIème siècle,24,Début des guerres de religion (France),,,RE,"”[”La réforme”,”Histoire de France”]""",
1568,XVIème siècle,24,Début guerre de 80 ans,,(indépendance Provinces Unies VS espagne) fin 1648,,,
1572,XVIème siècle,24,Massacre de la saint barthélémy,,,RE,"”[”La réforme”]""",
1576,XVIème siècle,24,Les 6 livres de la République,Jean Bodin,,PH,,
1576,XVIème siècle,24,Le discour de la servitude volontaire,La Boétie,,PH,,
1580,XVIème siècle,24,Première parution des essais,Montaigne,,PH,,
1580,XVIème siècle,24,Réforme du coup de Fouet unique (import argent en chine),,,,"”[”histoire de Chine”]""",
1588,XVIème siècle,24,Accord du libre arbitre avec le don de la grâce,Molina,,PH,,
1588,XVIème siècle,24,Invincible Armada,,(Philippe II espagne contre Elisabeth I Angleterre),,"”[”histoire d’Angleterre”]""",
1589,XVIème siècle,24,Couronnement d’Henri IV (Bourbon),,,,"”[”histoire de France”]""",
1598,XVIème siècle,24,Edit de Nantes (sous Henri IV) fin guerre religion,,,,"”[”histoire de France”]""",
1600,XVIIème siècle,25,Bûcher de Giordano Bruno,,,SC,,
1600,XVIIème siècle,25,Création de la compagnie britannique des indes orientales,,,,"”[”histoire de l’Angleterre”]""",
1603,XVIIème siècle,25,Hamlet,Shakespeare,,LI,,
1603,XVIIème siècle,25,Mort d'Elizabeth I,,,,"”[”histoire de l’Angleterre”]""",
1609,XVIIème siècle,25,Première version des lois de Kepler,,"(elliptique, 3ème en 1618)",SC,,
1610,XVIIème siècle,25,Messager céleste,Galilée,"“montagnes sur la lune, satellite autres planètes”",SC,,
1610,XVIIème siècle,25,Assassinat d’Henri IV par Ravaillac,,“Avènement de Louis XIII / Richelieu.”,,"”[”histoire de France”]""",
1611,XVIIème siècle,25,Dioptrique,Kepler,théorie mathématique de la chambre obscure étendue à l'oeil,SC,,
1614,XVIIème siècle,25,Marie de Médicis convoque les Etats généraux pour affermir Louis XIII (13 ans),,,,"”[”histoire de France”]""",
1618,XVIIème siècle,25,La défenestration de Prague,,(suite tentative catholicisation de la Bohème),,"”[”La réforme”]""",
1618,XVIIème siècle,25,Guerre de 30 ans,,Habsbourg/espagne/pape/saint empire vs Prusse/France/PB/SU,,,
1628,XVIIème siècle,25,Motus cordis,Harvey,(circulation sanguine au IIème siècle avJC),SC,,
1632,XVIIème siècle,25,Dialogues sur les deux traités du monde,Galilée,,SC,,
1633,XVIIème siècle,25,Procès de Galilée,,,SC,,
1633,XVIIème siècle,25,Traité de l’homme,Descartes,"“(inachevé), complète l’optique avec les esprits animaux”",PH,,
1636,XVIIème siècle,25,Le Cid,Corneille,"(Vs Académie,fin heureuse,pas d’unité)",LI,,
1637,XVIIème siècle,25,Discours de la Méthode,Descartes,,PH,,
1637,XVIIème siècle,25,Harmonie Universelle,Mersenne,détermination fréquence d'un son audible (à 84 Hz),SC,,
1637,XVIIème siècle,25,Enlèvement des Sabines,Poussin,"(Classicisme, antique, perspective, chaos dans l'équilibre)",LI,,
1640,XVIIème siècle,25,Publication posthume de l’augustinus,Jensen,(jansénisme) vs casuistique et absol,RE,,
1641,XVIIème siècle,25,Méditation Métaphysique,Descartes,,PH,,
1642,XVIIème siècle,25,Le citoyen,Hobbes,,PH,,
1642,XVIIème siècle,25,Début guerre civile anglaise,,,,"”[”histoire de l’Angleterre”]""",
1643,XVIIème siècle,25,Expérience de Torricelli,,avant Pascal sur le vide,SC,,
1643,XVIIème siècle,25,Mort de Louis XIII,,,,"”[”histoire de France”]""",
1643,XVIIème siècle,25,Victoire grand condé victoire à Rocroi,,,,"”[”histoire de France”]""",
1644,XVIIème siècle,25,Principes de la philosophie,Descartes,,PH,,
1644,XVIIème siècle,25,Fin de la dynastie Ming en Chine,,"(argent,impot,guerre espagne)",,"”[”histoire de Chine”]""",
1644,XVIIème siècle,25,Début de la dynastie Qing,,(jusque 1912),,"”[”histoire de Chine”]""",
1647,XVIIème siècle,25,Préface pour un Traité sur le vide,Pascal,,PH,,
1648,XVIIème siècle,25,Traité Westphalie (fin guerre 30/80 ans),,"“l’absolutisme s’impose sur la féodalité, Principe souveraineté externe et interne (plus suzeraineté) et anti hégémonie",,,
1648,XVIIème siècle,25,Début de la Fronde,,(jusqu’à 1652),,"”[”histoire de France”]""",
1649,XVIIème siècle,25,Début de Dictature de Cromwell,,(Charles 1er décapité),,"”[”histoire de l’Angleterre”]""",
1649,XVIIème siècle,25,Les passions de l’âme,Descartes,,PH,,
1650,XVIIème siècle,25,Johan de Witt devient pensionnaire de Hollande,,,,,
1651,XVIIème siècle,25,Léviathan,Hobbes,,PH,,
1651,XVIIème siècle,25,Exécution de Charles I (catholique),,(fin Première guerre civile),,"”[”histoire de l’Angleterre”]""",
1652,XVIIème siècle,25,Début des guerres anglo-néerlandaises,,"(fin 1774), (fin Première guerre civile)",,"”[”histoire de l’Angleterre”]""",
1660,XVIIème siècle,25,Restauration anglaise Charles II,,,,"”[”histoire de l’Angleterre”]""",
1661,XVIIème siècle,25,Début du règne de louis XIV,,,,"”[”histoire de France”]""",
1668,XVIIème siècle,25,Le corbeau et le renard,La fontaine,,LI,,
1670,XVIIème siècle,25,Somme Théologico-politique,Spinoza,,PH,,
1672,XVIIème siècle,25,Guerre de Hollande (1678),,Triomphe de la France,,"”[”histoire de France”]""",
1674,XVIIème siècle,25,Art Poétique,Boileau VS Perrault,,LI,,
1674,XVIIème siècle,25,De la recherche de la vérité,Malebranche,,PH,,
1677,XVIIème siècle,25,Publication de l’éthique et du Traité Politique (Posthume),Spinoza,,PH,,
1681,XVIIème siècle,25,Le discours sur l’histoire universelle,Bossuet,,PH,,
1683,XVIIème siècle,25,Pensées diverses sur la comète,Bayle,,PH,,
1683,XVIIème siècle,25,Empire Ottoman vaincu à Vienne,,,,"”[”histoire ottomane”]""",
1684,XVIIème siècle,25,Réouverture du commerce avec la Chine,,(Kangxi) 4 douanes dont Canton,,"”[”histoire de Chine”]""",
1685,XVIIème siècle,25,Révocation édit de Nantes,,(Louis XIV),,"”[”histoire de France”]""",
1686,XVIIème siècle,25,Discours de métaphysique,Leibniz,,PH,,
1687,XVIIème siècle,25,Principes mathématique de la philosophie naturelle,Newton,,SC,,
1689,XVIIème siècle,25,Essai sur l’entendement humain,Locke,,PH,,
1689,XVIIème siècle,25,Le traité de gouvernement civil,Locke,,PH,,
1689,XVIIème siècle,25,Lettre sur la tolérance,Locke,,PH,,
1689,XVIIème siècle,25,Glorieuse révolution,,"“(William III d’Orange, protestant, libéral), Bill of Rights”",,,
1690,XVIIème siècle,25,Second traité de gouvernement civil,Locke,,PH,,
1704,XVIIIème siècle,26,Traité de l'existence de Dieu et de la religion naturelle et révélée,Clarke,"(rat,new)",PH,,
1710,XVIIIème siècle,26,Essai de théodicée,Leibniz,,PH,,
1710,XVIIIème siècle,26,Principes de la connaissances humaines,Berkeley,,PH,,
1714,XVIIIème siècle,26,Monadologie,Leibniz,,PH,,
1715,XVIIIème siècle,26,"Mort de Louis XIV,début régence",,"(on souffle, libertinage)",,"”[”histoire de France”]""",
1717,XVIIIème siècle,26,Pèlerinage à l'île de Cythère,Watteau,"(Rococo, fête galante, contours flous, colori)",LI,,
1730,XVIIIème siècle,26,Le jeu de l’amour et du hasard,Marivaux,,LI,,
1746,XVIIIème siècle,26,Essai sur l’origine des connaissances humaines,Condillac,,PH,,
1748,XVIIIème siècle,26,Esprit des lois,Montesquieu,,PH,,
1750,XVIIIème siècle,26,Construction du petit Trianon,,(néoclassique) pour M Pompadour par Louis XV,LI,,
1750,XVIIIème siècle,26,Mort de Bach (et du Baroque),,(contrepoint) plutôt prussien,LI,,
1751,XVIIIème siècle,26,Enquête sur les principes de la morale,Hume,,PH,,
1751,XVIIIème siècle,26,L’encyclopédie,Diderot,,PH,,
1755,XVIIIème siècle,26,Tremblement de terre de Lisbonne (20.000 morts),,,,,
1756,XVIIIème siècle,26,Guerre de 7 ans,,Prusse/Britannique vs France/Autriche/Suède/Espagne,,,
1757,XVIIIème siècle,26,L’histoire naturelle de la religion,Hume,,PH,,
1758,XVIIIème siècle,26,Enquête sur l'entendement humain,Hume,,PH,,
1762,XVIIIème siècle,26,Du contrat social,Rousseau,,PH,,
1762,XVIIIème siècle,26,L’Emile,Rousseau,,PH,,
1762,XVIIIème siècle,26,L’encyclopédie,Diderot D’alembert,,PH,,
1763,XVIIIème siècle,26,Traité de Paris,,"fin guerre 7 ans, début domination britannique (Inde/USA)",,"”[”histoire de France”]""",
1764,XVIIIème siècle,26,Sugar Act,,"pour financer la guerre de 7, les british taxent les 13 colonie",,"”[”histoire de l’Angleterre”,”histoire américaine”]""",
1773,XVIIIème siècle,26,Boston tea Party,,cargaison anglaise qui échappe au taxe est jetée à l’eau,,"”[”histoire de l’Angleterre”,”histoire américaine”]""",
1774,XVIIIème siècle,26,Mort de Louis XV,,,,"”[”histoire de France”]""",
1774,XVIIIème siècle,26,Les souffrances du jeune Werther,Goethe,(Sturm und Drang (romantisme)),LI,,
1776,XVIIIème siècle,26,Recherches sur la nature et les causes de la richesse des nations,Smith,,SC,,
1776,XVIIIème siècle,26,Déclaration d’indépendance,,,,”[”histoire de l’Angleterre”,
1779,XVIIIème siècle,26,Rôle de l'oxygène,Lavoisier,"partie vitale de l’air (l’année suivante, plante et animaux)",SC,,
1781,XVIIIème siècle,26,Critique de la raison pure,Kant,,PH,,
1782,XVIIIème siècle,26,Les Brigands,Schiller,(Sturm und Drag),LI,,
1784,XVIIIème siècle,26,Synthèse de l’eau,Cavendish,,SC,,
1785,XVIIIème siècle,26,Le serment des Horaces,David,"(Néo-classicisme,détail réalisme, géométrie) ",LI,,
1787,XVIIIème siècle,26,La Méthode de nomenclature chimique,Lavoisier & Co,,SC,,
1787,XVIIIème siècle,26,Constitution américaine,,,,"[”histoire américaine”]""",
1788,XVIIIème siècle,26,Critique de la raison pratique,Kant,,PH,,
1788,XVIIIème siècle,26,Le fédéraliste,"“Madison, Hamilton”",(démocratie représentative),PH,,
1789,XVIIIème siècle,26,Traité élémentaire de chimie,Lavoisier,,SC,,
1789,XVIIIème siècle,26,Etats Généraux,,,,"”[”histoire de France”]""",
1789,XVIIIème siècle,26,Jeu de Paume,,(20 juin),,"”[”histoire de France”]""",
1789,XVIIIème siècle,26,Bastille,,,,"”[”histoire de France”]""",
1789,XVIIIème siècle,26,Nuit du 4 aout,,,,"”[”histoire de France”]""",
1789,XVIIIème siècle,26,Révolte paysanne,,,,"”[”histoire de France”]""",
1789,XVIIIème siècle,26,Abolition privilèges,,,,"”[”histoire de France”]""",
1789,XVIIIème siècle,26,Déclaration des droits du citoyen,,(26 aout),,"”[”histoire de France”]""",
1789,XVIIIème siècle,26,Marche des femmes,,5 Oct,,"”[”histoire de France”]""",
1789,XVIIIème siècle,26,Roi quitte Versailles,,,,"”[”histoire de France”]""",
1789,XVIIIème siècle,26,Monarchie constitutionnelle,,,,"”[”histoire de France”]""",
1790,XVIIIème siècle,26,Critique de la faculté de juger,Kant,,PH,,
1791,XVIIIème siècle,26,Varenne,,(21 juin),,"”[”histoire de France”]""",
1791,XVIIIème siècle,26,Fusillade du champ de Mars (17 juillet),,Lafayette/Bailly vs Danton/Marat,,"”[”histoire de France”]""",
1791,XVIIIème siècle,26,Constitution de 1791(septembre),,,,"”[”histoire de France”]""",
1791,XVIIIème siècle,26,Loi Le chapelier,,(Par les Girondins libéraux et bellicistes),,"”[”histoire de France”]""",
1791,XVIIIème siècle,26,Justine ou les malheurs de la vertu,Sade,,LI,,
1791,XVIIIème siècle,26,Requiem,Mozart,(sous Joseph II d’autriche),LI,,
1792,XVIIIème siècle,26,Première République (Septembre),,,,"”[”histoire de France”]""",
1792,XVIIIème siècle,26,Première coalition,,"(Autriche puis Prusse, puis Angleterre et Hollande en 1793)",,"”[”histoire de France”]""",
1792,XVIIIème siècle,26,Manifeste de Brunswick et Commune insurrectionnelle,,,,,
1792,XVIIIème siècle,26,Massacre de Septembre,,des prisonniers dont les prêtres réfractaires,,"”[”histoire de France”]""",
1792,XVIIIème siècle,26,Valmy,,(20 septembre) fin de la déroute,,"”[”histoire de France”]""",
1793,XVIIIème siècle,26,Exécution de Louis XVI,,21 January,,"”[”histoire de France”]""",
1793,XVIIIème siècle,26,Début insurrection Vendéenne Cholet,,3 mars (suite conscription),,"”[”histoire de France”]""",
1793,XVIIIème siècle,26,Création du Comité de salut public,,6 avril (pour mater la vendée),,"”[”histoire de France”]""",
1793,XVIIIème siècle,26,Assassinat de Mart,,(juillet) Robespierre est au salut public,,"”[”histoire de France”]""",
1793,XVIIIème siècle,26,"Loi des suspects, début de la terreur",,13 September,,"”[”histoire de France”]""",
1794,XVIIIème siècle,26,Abolition temporaire de l’esclavage,,,,"”[”histoire de France”]""",
1794,XVIIIème siècle,26,Exécution de Herbert (Gauche) puis en avril de Danton de Desmoulins (Droite),,mars,,"”[”histoire de France”]""",
1794,XVIIIème siècle,26,Fête de l’être suprême,,juin,,"”[”histoire de France”]""",
1794,XVIIIème siècle,26,Exécution de Robespierre et de Saint Just,,(juillet),,,
1795,XVIIIème siècle,26,Expérience de Lavoisier sur l’air et l’eau,,,SC,,
1795,XVIIIème siècle,26,Directoire,,,,"”[”histoire de France”]""",
1798,XVIIIème siècle,26,Essai sur le principe de la population,Malthus,,SC,,
1799,XVIIIème siècle,26,Deuxième coalition,,(Egypte + Deuxième guerre Italie),,"”[”histoire de France”]""",
1799,XVIIIème siècle,26,Coup d’Etat du 18 brumaine,,(9 novembre),,"”[”histoire de France”]""",
1799,XVIIIème siècle,26,Sonate Pathétique,Beethoven,(pont entre classicisme viennois et romantisme),LI,,
1803,XIXème siècle,27,Traité d’économie politique,Say,,SC,,
1804,XIXème siècle,27,Napoléon devient empereur,,,,"”[”histoire de France”]""",
1805,XIXème siècle,27,Troisième Coalition,,(Austerlitz),,"”[”histoire de France”]""",
1806,XIXème siècle,27,Iéna,,(défaite Prusse) participation de Clausewitz.(échelon corps d’armée),,"”[”histoire de France”]""",
1806,XIXème siècle,27,Dissolution du Saint-empire,,création confédération du Rhin,,"”[”histoire de France”]""",
1807,XIXème siècle,27,Discour à la nation allemande,Fichte,,PH,,
1809,XIXème siècle,27,Philosophie zoologique,Lamarck,,SC,,
1812,XIXème siècle,27,6ème Coalition,,(campagne de Russie),,"”[”histoire de France”]""",
1813,XIXème siècle,27,Interdiction travail des enfants de moins de 10 ans dans les mines,,,,"”[”histoire de France”]""",
1815,XIXème siècle,27,Waterloo /Congrès de Vienne / Restauration (Louis XVIII),,,,"”[”histoire de France”]""",
1817,XIXème siècle,27,Encyclopédie des sciences philosophiques,Hegel,,PH,,
1817,XIXème siècle,27,Principes de l'économie politique et de l'impôt,Ricardo,,SC,,
1819,XIXème siècle,27,Première édition du monde comme volonté et représentation,Schopenhauer,,PH,,
1820,XIXème siècle,27,Lobatchevski définit une nouvelle géométrie,,,SC,,
1820,XIXème siècle,27,Mémoire d’Ampère sur l’action mutuelle de courants électriques,,,SC,,
1827,XIXème siècle,27,Préface de Cromwell,Hugo,(définition romantisme),LI,,
1830,XIXème siècle,27,Premier Tome des cours de philosophie de Comte,,,PH,,
1830,XIXème siècle,27,Trois glorieuses / Monarchie de Juillet Louis-philippe (Orléaniste),,,,"”[”histoire de France”]""",
1830,XIXème siècle,27,La liberté guidant le peuple,Delacroix,"(Romantisme, cadrage, instantanéité)",LI,,
1832,XIXème siècle,27,Journées révolutionnaires de 1832 (Misérables),,,,"”[”histoire de France”]""",
1832,XIXème siècle,27,Fondation société Jardine Matheson (vente Opium en Chine),,écossais,,"”[”histoire de Chine”]""",
1835,XIXème siècle,27,De la Démocratie en Amérique ,Tocqueville,"(Tome 1, le 2 en 1840)",PH,,
1835,XIXème siècle,27,Leçon sur l’esthétique,Hegel,(posthume mort 1831),PH,,
1840,XIXème siècle,27,Qu’est ce que la propriété,Proudhon,(federalisme muttuellisme),PH,,
1842,XIXème siècle,27,Fin de la 1ère guerre de l’opium,,Hong Kong devient britannique (siècle humiliation),,"”[”histoire de Chine”]""",
1844,XIXème siècle,27,L’unique et sa propriété,Max Stirner,(Anarchisme individualiste),PH,,
1846,XIXème siècle,27,Découverte de Neptune,Urbain Leverrier,(pvt d’Uranus),SC,,
1848,XIXème siècle,27,Printemps des peuples/ 2nd République,,,,"”[”histoire de France”]""",
1848,XIXème siècle,27,En allemagne parlement de Francfort,,(Wagner/Marx),,"”[”histoire de l’Allemagne”]""",
1848,XIXème siècle,27,Première guerre d’indépendance italienne,,,,"”[”histoire de l’Italie”]""",
1851,XIXème siècle,27,Expérience du pendule de Foucault,,rotation de la terre sur elle-même,SC,,
1851,XIXème siècle,27,Coup d’Etat du 18 Brumaire par Louis Napoléon Bonaparte,,,,"”[”histoire de France”]""",
1853,XIXème siècle,27,Guerre de Crimée (Sébastopol,Malakoff),,,"”[”histoire de France”]""",
1854,XIXème siècle,27,Les lois de la pensée,Boole,,PH,,
1857,XIXème siècle,27,Les fleurs du mal,Baudelaire,,LI,,
1859,XIXème siècle,27,L’origine des espèces,Darwin,,SC,,
1859,XIXème siècle,27,2ème guerre d'indépendance italienne,,"(France, Sarde VS Autriche, Solférino, Magenta)",,"”[”histoire de l’Italie”]""",
1860,XIXème siècle,27,fin de la 2ème guerre de l’opium,,,,"”[”histoire de Chine”]""",
1861,XIXème siècle,27,Début de la guerre de Sécession,,(jusqu’à 1865),,"”[”histoire de l’Amérique”]""",
1862,XIXème siècle,27,Les Misérables,Hugo,,LI,,
1863,XIXème siècle,27,1ère internationale,,(Marx vs Bakounine (collectivisme)),,,
1863,XIXème siècle,27,Déjeuner sur l’herbe,Manet,"(Proto-impressionisme Vs académisme, nu gratuit, couleur)",LI,,
1863,XIXème siècle,27,Fondation de la croix Rouge,,(témoignage de solférino),,,
1864,XIXème siècle,27,Syllabus de Pie IX sur les erreurs de la modernité,,"(rationaliste, liberté conscience….)",,,
1865,XIXème siècle,27,Fondation de la HSBC pour financer le commerce de l’opium,,,,"”[”histoire de Chine”]""",
1866,XIXème siècle,27,Recherche sur des hybrides végétaux,Mendel,,SC,,
1867,XIXème siècle,27,Le capital livre I,Marx,,PH,,
1869,XIXème siècle,27,Création canal de Suez,,,,,
1870,XIXème siècle,27,Vatican I infaillibilité pontificale,,"(fin des états pontificaux, victor Emmanuel II)",,,
1871,XIXème siècle,27,Révolution marginaliste,Menger et Walras,(utilité marginale décroissante),SC,,
1872,XIXème siècle,27,Considérations sur la marche des idées et des événements dans les temps modernes,Cournot,,PH,,
1874,XIXème siècle,27,Théorie naïve des ensembles,Cantor,,SC,,
1875,XIXème siècle,27,Carmen,Bizet,,LI,,
1875,XIXème siècle,27,Lac des cygnes,Tchaicovski,,LI,,
1875,XIXème siècle,27,Inauguration Opéra Garnier,,,LI,,
1878,XIXème siècle,27,Traité de Berlin,,"création Bulgarie, Roumanie, Serbie, Monténégro vs Ottoman”",,,
1882,XIXème siècle,27,Parsifal,Wagner,,LI,,
1882,XIXème siècle,27,Qu’est ce qu’une nation,Renan,,PH,,
1884,XIXème siècle,27,Fondements de l’arithmétique,Frege,,PH,,
1886,XIXème siècle,27,Par delà le bien et le mal,Nietzsche,,PH,,
1887,XIXème siècle,27,Généalogie de la morale,Nietzsche,,PH,,
1888,XIXème siècle,27,Chambre de Van-Gogh à Arles,Van-Gogh,,LI,,
1889,XIXème siècle,27,Axiomatique de l’arithmétique,Praeo,,SC,,
1895,XIXème siècle,27,Étude sur l’hystérie,Freud,,SC,,
1895,XIXème siècle,27,Guerre sino-japonais,,,,"”[”histoire de Chine”]""",
1896,XIXème siècle,27,Matière et Mémoire,Bergson,,PH,,
1897,XIXème siècle,27,L’année sociologique et Le suicide,Durkheim,,SC,,
1899,XIXème siècle,27,Axiomatique géométrique,Hilbert,,SC,,
1900,XXème siècle,28,Révolte des Boxers,,l’alliance étrangère occupe Pékin,,"”[”histoire de Chine”]""",
1902,XXème siècle,28,La science et l’hypothèse,Poincaré,,PH,,
1903,XXème siècle,28,Principes des mathématiques,Russel,,PH,,
1903,XXème siècle,28,Communisme et anarchie,Kropotkine,communisme libertaire (à chacun selon),PH,,
1905,XXème siècle,28,Relativité restreinte,Einstein,,SC,,
1906,XXème siècle,28,"La théorie Physique, son objet, sa structure",Duhem,,PH,,
1913,XXème siècle,28,Les idées directrices pour une phénoménologie,Husserl,,PH,,
1915,XXème siècle,28,Théorie de la relativité générale,Einstein,,SC,,
1916,XXème siècle,28,Cours de linguistique générale,Saussure,,PH,,
1921,XXème siècle,28,Tractatus logico-philosophicus,Wittgenstein,,PH,,
1927,XXème siècle,28,Etre et temps,Heidegger,,PH,,
1929,XXème siècle,28,Accord de Latran entre Mussolini et Pie XI,,,,"”[”histoire de l’Italie”]""",
1931,XXème siècle,28,Deux théorèmes de Godel,,,SC,,
1932,XXème siècle,28,La Philosophie des Lumières,Cassirer,,PH,,
1934,XXème siècle,28,La logique de la découverte scientifique,Popper,,PH,,
1934,XXème siècle,28,La pensée et le mouvement,Bergson,,PH,,
1936,XXème siècle,28,"Théorie générale de l'emploi,de l'intérêt et de la monnaie",,Keynes,SC,,
1940,XXème siècle,28,Science and Linguistics,Worf,neige des esquimaux,PH,,
1943,XXème siècle,28,L’être et le néant,Sartre,,PH,,
1945,XXème siècle,28,La phénoménologie de la perception,Merleau Ponty,,PH,,
1948,XXème siècle,28,Triomphe en URSS de la génétique mitchourinienne de Lyssenko,,,SC,,
1960,XXème siècle,28,Linguistics and Poetics,Roman Jakobson,(fonction du langage),SC,,
1961,XXème siècle,28,Totalité et infinité,Lévinas,,PH,,
1962,XXème siècle,28,Structure des découvertes scientifiques,Kuhn,,PH,,
1962,XXème siècle,28,Vatican II,,(jean XXIII puis Paul VI) termine en 1965,RE,"”[”histoire chrétienne""]""",
1964,XXème siècle,28,Histoire de la folie à l'âge classique,Foucault,,PH,,
1966,XXème siècle,28,The Social Stratification of English in New York City,Labov,sociolinguistique,SC,,
1969,XXème siècle,28,Création ARPAnet,réseau militaire qui se veut décentralisé,,SC,,
1970,XXème siècle,28,Forme achevée du modèle standard de la physique des particules,,,SC,,
1971,XXème siècle,28,Théorie de la Justice,Rawls,,PH,,
1972,XXème siècle,28,Apparition des e-mails pour échanger des messages.,,,,,